Histogram, bins:100
 1, 0, 0, 0, 1, 20, 48, 15, 9, 11, 13, 13, 9, 6, 10, 13, 8, 17, 17, 17, 20, 13, 6, 17, 16, 12, 13, 17, 16, 10, 12, 7, 17, 14, 14, 16, 14, 13, 16, 18, 24, 21, 27, 22, 19, 24, 23, 70, 66, 210, 118, 1137, 184, 68, 62, 43, 27, 26, 22, 24, 14, 22, 15, 20, 22, 21, 21, 15, 8, 12, 13, 4, 9, 10, 9, 2, 6, 9, 8, 10, 8, 5, 10, 9, 7, 14, 7, 6, 9, 15, 13, 17, 15, 30, 15, 15, 10, 4, 1, 1
 -0.62036836, -0.6084423, -0.59651625, -0.5845902, -0.57266414, -0.560738, -0.548812, -0.5368859, -0.52495986, -0.5130338, -0.50110775, -0.4891817, -0.4772556, -0.46532956, -0.4534035, -0.44147745, -0.42955136, -0.4176253, -0.40569925, -0.3937732, -0.38184714, -0.36992106, -0.357995, -0.34606895, -0.3341429, -0.3222168, -0.31029075, -0.2983647, -0.28643864, -0.2745126, -0.2625865, -0.25066045, -0.2387344, -0.22680832, -0.21488227, -0.20295621, -0.19103014, -0.17910409, -0.16717802, -0.15525196, -0.1433259, -0.13139984, -0.11947378, -0.107547715, -0.09562165, -0.08369559, -0.071769536, -0.05984347, -0.04791741, -0.03599135, -0.024065286, -0.012139224, -0.0002131629, 0.0117128985, 0.02363896, 0.035565022, 0.047491085, 0.059417143, 0.071343206, 0.08326927, 0.09519533, 0.10712139, 0.119047455, 0.13097352, 0.14289957, 0.15482564, 0.1667517, 0.17867775, 0.19060382, 0.20252988, 0.21445595, 0.226382, 0.23830807, 0.25023413, 0.26216018, 0.27408624, 0.28601232, 0.29793838, 0.30986443, 0.3217905, 0.33371657, 0.34564263, 0.35756868, 0.36949474, 0.3814208, 0.39334688, 0.40527293, 0.417199, 0.42912504, 0.44105113, 0.45297718, 0.46490324, 0.4768293, 0.48875535, 0.5006814, 0.51260746, 0.52453357, 0.5364596, 0.5483857, 0.56031173, 0.5722378
